<?xml version="1.0" encoding="UTF-8"?>
<project-private xmlns="http://www.netbeans.org/ns/project-private/1">
    <editor-bookmarks xmlns="http://www.netbeans.org/ns/editor-bookmarks/2" lastBookmarkId="0"/>
    <open-files xmlns="http://www.netbeans.org/ns/projectui-open-files/2">
        <group>
            <file>file:/C:/Users/admin/Documents/NetBeansProjects/HotelReservationSystemApp%20fin/HotelReservationSystemApp%20fin/HotelReservationSystemApp%20last/src/hotelreservationsystemapp/Home.java</file>
            <file>file:/C:/Users/admin/Documents/NetBeansProjects/HotelReservationSystemApp%20fin/HotelReservationSystemApp%20fin/HotelReservationSystemApp%20last/src/hotelreservationsystemapp/ContactUs.java</file>
            <file>file:/C:/Users/admin/Documents/NetBeansProjects/HotelReservationSystemApp%20fin/HotelReservationSystemApp%20fin/HotelReservationSystemApp%20last/src/hotelreservationsystemapp/Buffet.java</file>
            <file>file:/C:/Users/admin/Documents/NetBeansProjects/HotelReservationSystemApp%20fin/HotelReservationSystemApp%20fin/HotelReservationSystemApp%20last/src/hotelreservationsystemapp/Hall.java</file>
            <file>file:/C:/Users/admin/Documents/NetBeansProjects/HotelReservationSystemApp%20fin/HotelReservationSystemApp%20fin/HotelReservationSystemApp%20last/src/hotelreservationsystemapp/Room.java</file>
            <file>file:/C:/Users/admin/Documents/NetBeansProjects/HotelReservationSystemApp%20fin/HotelReservationSystemApp%20fin/HotelReservationSystemApp%20last/src/hotelreservationsystemapp/Customer.java</file>
            <file>file:/C:/Users/admin/Documents/NetBeansProjects/HotelReservationSystemApp%20fin/HotelReservationSystemApp%20fin/HotelReservationSystemApp%20last/src/hotelreservationsystemapp/Register.java</file>
            <file>file:/C:/Users/admin/Documents/NetBeansProjects/HotelReservationSystemApp%20fin/HotelReservationSystemApp%20fin/HotelReservationSystemApp%20last/src/hotelreservationsystemapp/BuffetDetails.java</file>
            <file>file:/C:/Users/admin/Documents/NetBeansProjects/HotelReservationSystemApp%20fin/HotelReservationSystemApp%20fin/HotelReservationSystemApp%20last/src/hotelreservationsystemapp/HallDetails.java</file>
            <file>file:/C:/Users/admin/Documents/NetBeansProjects/HotelReservationSystemApp%20fin/HotelReservationSystemApp%20fin/HotelReservationSystemApp%20last/src/hotelreservationsystemapp/RoomDetails.java</file>
            <file>file:/C:/Users/admin/Documents/NetBeansProjects/HotelReservationSystemApp%20fin/HotelReservationSystemApp%20fin/HotelReservationSystemApp%20last/src/hotelreservationsystemapp/Billing.java</file>
            <file>file:/C:/Users/admin/Documents/NetBeansProjects/HotelReservationSystemApp%20fin/HotelReservationSystemApp%20fin/HotelReservationSystemApp%20last/src/hotelreservationsystemapp/Login.java</file>
        </group>
    </open-files>
</project-private>
